dx,dy,dz
43.2175,41.285000000000004,33.049795803498306
62.78583333333333,-3.9483333333333337,44.06639440466441
85.99249999999999,20.585,66.09959160699661
85.99249999999999,20.585,66.09959160699661
